{
  "scene": "thin_sheet",
  "scene_description": "two parallel planes z = +/- 0.02",
  "blob_budget": 32,
  "n_pts": 10000,
  "fit_rmse": {
    "gaussian": 0.019907033070921898,
    "phoxoid": 0.019780805334448814
  },
  "fit_advantage_phoxoid_over_gaussian": 1.0063813244374462,
  "image_psnr_gauss_vs_phoxoid_db": 25.9372862035984,
  "killer_ratio_gaussian_blobs_to_match_phoxoid": 128,
  "killer_ratio_normalized": 4.0,
  "fit_seconds": 0.055106099999989056,
  "render_seconds": 0.014372900000012123
}