{
  "scene": "saddle",
  "scene_description": "z = s^2 - t^2  (opposite-sign curvatures)",
  "blob_budget": 128,
  "n_pts": 10000,
  "fit_rmse": {
    "gaussian": 0.002913309959694743,
    "phoxoid": 0.0021124023478478193
  },
  "fit_advantage_phoxoid_over_gaussian": 1.3791453899220067,
  "image_psnr_gauss_vs_phoxoid_db": 28.11768045771018,
  "killer_ratio_gaussian_blobs_to_match_phoxoid": -1,
  "killer_ratio_normalized": null,
  "fit_seconds": 0.23462400000005346,
  "render_seconds": 0.04241330000002108
}