{
  "scene": "doom",
  "scene_description": "PLY mesh (Doom combat scene.ply, 10000 pts after subsample)",
  "blob_budget": 32,
  "n_pts": 10000,
  "fit_rmse": {
    "gaussian": 0.05016550049185753,
    "phoxoid": 0.046702589839696884
  },
  "fit_advantage_phoxoid_over_gaussian": 1.0741481503284256,
  "image_psnr_gauss_vs_phoxoid_db": 25.436605360954708,
  "killer_ratio_gaussian_blobs_to_match_phoxoid": 64,
  "killer_ratio_normalized": 2.0,
  "fit_seconds": 0.0528426999999283,
  "render_seconds": 0.016293399999995017
}