{
  "scene": "happy",
  "scene_description": "PLY mesh (happyStandRight_0.ply, 10000 pts after subsample)",
  "blob_budget": 32,
  "n_pts": 10000,
  "fit_rmse": {
    "gaussian": 0.017989609390497208,
    "phoxoid": 0.01583225652575493
  },
  "fit_advantage_phoxoid_over_gaussian": 1.1362631322473098,
  "image_psnr_gauss_vs_phoxoid_db": 26.58968389667478,
  "killer_ratio_gaussian_blobs_to_match_phoxoid": 64,
  "killer_ratio_normalized": 2.0,
  "fit_seconds": 0.12687460000051942,
  "render_seconds": 0.02725060000011581
}