{
  "scene": "armadillo",
  "scene_description": "PLY mesh (ArmadilloBack_0.ply, 10000 pts after subsample)",
  "blob_budget": 64,
  "n_pts": 10000,
  "fit_rmse": {
    "gaussian": 0.00428418954834342,
    "phoxoid": 0.0037344202864915133
  },
  "fit_advantage_phoxoid_over_gaussian": 1.1472167618199223,
  "image_psnr_gauss_vs_phoxoid_db": 27.603974068652324,
  "killer_ratio_gaussian_blobs_to_match_phoxoid": 128,
  "killer_ratio_normalized": 2.0,
  "fit_seconds": 0.13196239999979298,
  "render_seconds": 0.03139339999961521
}