{
  "scene": "dragon",
  "scene_description": "PLY mesh (dragon_vrip.ply, 10000 pts after subsample)",
  "blob_budget": 64,
  "n_pts": 10000,
  "fit_rmse": {
    "gaussian": 0.03379638493061066,
    "phoxoid": 0.02994392067193985
  },
  "fit_advantage_phoxoid_over_gaussian": 1.128655973306826,
  "image_psnr_gauss_vs_phoxoid_db": 25.524686252963722,
  "killer_ratio_gaussian_blobs_to_match_phoxoid": 128,
  "killer_ratio_normalized": 2.0,
  "fit_seconds": 0.09605569999985164,
  "render_seconds": 0.01873869999690214
}