{
  "scene": "armadillo_back180",
  "scene_description": "PLY mesh (ArmadilloBack_180.ply, 10000 pts after subsample)",
  "blob_budget": 32,
  "n_pts": 10000,
  "fit_rmse": {
    "gaussian": 0.0103132463991642,
    "phoxoid": 0.008807975798845291
  },
  "fit_advantage_phoxoid_over_gaussian": 1.1708985849525435,
  "image_psnr_gauss_vs_phoxoid_db": 27.028717180028266,
  "killer_ratio_gaussian_blobs_to_match_phoxoid": 64,
  "killer_ratio_normalized": 2.0,
  "fit_seconds": 0.16440950000105659,
  "render_seconds": 0.03758419999940088
}